C10,WT_1,WT_2
10,0.04833253,0.05035247
2,0.13131976,0.05497526
0.4,0.91774303,0.4008634
0.08,3.0901561,2.51237153
0.016,8.36687752,9.70387244
0.0032,12.3907145,13.2142857
0.00064,13.8851075,15.4131848
0.000128,13.7416778,12.1996303
0.0000256,13.6608103,13.1284022
no_ab,13.7586806,15.2727273