C8,WT_1,WT_2
10,0.15,0.25
2,0.25,0.65
0.4,0.45,0.95
0.08,1.05,1.25
0.016,4.15,4.95
0.0032,6.85,6.05
0.00064,6.55,6.55
0.000128,5.85,7.25
0.0000256,8.45,6.85
no_ab,7.85,8.45