MZ4,WT_1,WT_2
0.1,0.721041873,1.182248971
0.02,3.582210495,2.263749566
0.004,11.36326875,10.20710664
0.0008,20.81979159,16.87775776
0.00016,34.36446281,28.81846633
0.000032,31.58388273,29.75497937
0.0000064,37.14126653,34.13195966
0.00000128,41.13316158,45.69599403
0.000000256,48.64641085,41.83526534
no_ab,50.32514148,37.4785541