MZ4,WT_1,WT_2
4,2.35294118,0.45045045
1.333333333,1.37693632,1.15384615
0.266666667,2.92275574,2.64650284
0.053333333,4.09207161,3.4416826
0.010666667,5.94713656,5.49898167
0.002133333,8.33333333,6.49350649
0.000426667,7.09046455,8.46905537
8.53333E-05,12.4681934,16.1290323
1.70667E-05,15.5672823,15.1428571
no_ab,12.6213592,16.8067227