MZ4,WT_1,WT_2
0.5,0.35498374,-0.5863537
0.1,0.83602461,0.78943249
0.02,1.43737669,1.21575167
0.004,1.55510201,0.9605275
0.0008,2.09279867,1.66533981
0.00016,2.69509503,2.32705447
0.000032,4.62884594,4.4151231
0.0000064,4.77785629,6.72262808
0.00000128,7.03276049,5.55681491
no_ab,5.57394515,5.46285592