SIgN3C,WT_1,WT_2
10,0.67178503,0.47194546
2,1.99652778,2.22138554
0.4,8.5396665,7.11229947
0.08,15.4788924,14.4144144
0.016,18.9991518,16.2849873
0.0032,19.9883109,21.3885778
0.00064,21.0585586,20.0606061
0.000128,20.1146132,20.0971463
0.0000256,19.3059937,19.7814836
no_ab,18.6528497,19.2192192