ZV67,WT_1,WT_2
10,0.24003841,0.40522287
2,0.54530201,0.56179775
0.4,2.17526414,2.3006135
0.08,7.85340314,7.49496982
0.016,12.3560209,12.7936242
0.0032,18.324407,17.6052765
0.00064,20.647603,21.7004449
0.000128,21.85261,20.4102051
0.0000256,18.9838337,19.1829485
no_ab,20.7272727,20.3703704